id;title;content;date
1;pleased;../fake-data/blob/hipster.txt;2025-02-15T00:16:15
2;whether;../fake-data/blob/hipster.txt;2025-02-14T17:57:30
3;preregister diligently knowingly;../fake-data/blob/hipster.txt;2025-02-14T04:51:11
4;hm meal;../fake-data/blob/hipster.txt;2025-02-14T11:22:54
5;demonstrate whoever;../fake-data/blob/hipster.txt;2025-02-14T10:06:27
6;showboat;../fake-data/blob/hipster.txt;2025-02-14T09:57:51
7;ocelot next now;../fake-data/blob/hipster.txt;2025-02-14T18:36:32
8;baptise yippee;../fake-data/blob/hipster.txt;2025-02-14T19:47:34
9;aha among for;../fake-data/blob/hipster.txt;2025-02-14T07:59:50
10;anenst um;../fake-data/blob/hipster.txt;2025-02-14T19:46:47
